chrom	start	end	type	support	median_sv_len	reads	genes
chr1	211748119	211748131	DEL	2	1	2dbabf4b-b235-4f8a-8329-ea0fa7556a00,ea003d31-19ad-48a4-843f-78ed154ffa25	
chr1	211748309	211748312	INS	2	2	2dbabf4b-b235-4f8a-8329-ea0fa7556a00,b2d80b07-42fe-47b6-b020-0ebcaf974495	
chr1	211748682	211748692	DEL	2	2	2dbabf4b-b235-4f8a-8329-ea0fa7556a00,b2d80b07-42fe-47b6-b020-0ebcaf974495	
chr1	211749291	211749363	INS	2	1	2dbabf4b-b235-4f8a-8329-ea0fa7556a00,b2d80b07-42fe-47b6-b020-0ebcaf974495	
chr1	211749788	211749798	SOFTCLIP	5	8	48af3314-7a4a-486a-9795-810bfaa7b5c0,661659d4-8eab-43b1-8c22-05764d02b2ff,97f88f56-9042-4f25-8ae5-4d96af63e6ea,9a08c2eb-95ee-48fc-b4f1-2ac9d9c97343,c3bfe6da-406a-4741-8765-d15f4c9be36b	
chr1	211749818	211749901	INS	5	2	2dbabf4b-b235-4f8a-8329-ea0fa7556a00,661659d4-8eab-43b1-8c22-05764d02b2ff,6be0baee-2cb6-4e76-a5f7-2f9c639028d1,97f88f56-9042-4f25-8ae5-4d96af63e6ea,b2d80b07-42fe-47b6-b020-0ebcaf974495	
chr1	211749953	211749975	DEL	3	1	48af3314-7a4a-486a-9795-810bfaa7b5c0,b2d80b07-42fe-47b6-b020-0ebcaf974495,ea003d31-19ad-48a4-843f-78ed154ffa25	
chr1	211749976	211749980	INS	3	2	661659d4-8eab-43b1-8c22-05764d02b2ff,9a08c2eb-95ee-48fc-b4f1-2ac9d9c97343,ea003d31-19ad-48a4-843f-78ed154ffa25	
chr1	211750033	211750037	DEL	3	2	6be0baee-2cb6-4e76-a5f7-2f9c639028d1,97f88f56-9042-4f25-8ae5-4d96af63e6ea,9a08c2eb-95ee-48fc-b4f1-2ac9d9c97343	
chr1	211750969	211750991	DEL	3	1	30966903-a6ad-477a-8db6-c8ec1dc0f5cf,6be0baee-2cb6-4e76-a5f7-2f9c639028d1,b2d80b07-42fe-47b6-b020-0ebcaf974495	
chr1	211750973	211750983	INS	3	1	661659d4-8eab-43b1-8c22-05764d02b2ff,6be0baee-2cb6-4e76-a5f7-2f9c639028d1,b2d80b07-42fe-47b6-b020-0ebcaf974495	
chr1	211778918	211778941	DEL	2	3	5efe065d-7986-4455-b165-5dc519b7faae,c3bfe6da-406a-4741-8765-d15f4c9be36b	
chr1	211783297	211783413	DEL	7	1	48af3314-7a4a-486a-9795-810bfaa7b5c0,5efe065d-7986-4455-b165-5dc519b7faae,6be0baee-2cb6-4e76-a5f7-2f9c639028d1,9a08c2eb-95ee-48fc-b4f1-2ac9d9c97343,b2d80b07-42fe-47b6-b020-0ebcaf974495,c3bfe6da-406a-4741-8765-d15f4c9be36b,ea003d31-19ad-48a4-843f-78ed154ffa25	
chr1	211783301	211783322	INS	2	9	661659d4-8eab-43b1-8c22-05764d02b2ff,c3bfe6da-406a-4741-8765-d15f4c9be36b	
chr1	211787662	211787693	DEL	3	2	2dbabf4b-b235-4f8a-8329-ea0fa7556a00,97f88f56-9042-4f25-8ae5-4d96af63e6ea,ea003d31-19ad-48a4-843f-78ed154ffa25	
chr1	211793071	211793128	INS	2	5	2dbabf4b-b235-4f8a-8329-ea0fa7556a00,30966903-a6ad-477a-8db6-c8ec1dc0f5cf	
chr1	211829125	211829161	INS	2	1	661659d4-8eab-43b1-8c22-05764d02b2ff,6be0baee-2cb6-4e76-a5f7-2f9c639028d1	
chr1	211829158	211829171	DEL	2	1	5efe065d-7986-4455-b165-5dc519b7faae,6be0baee-2cb6-4e76-a5f7-2f9c639028d1	
chr1	211830209	211830257	DEL	6	2	48af3314-7a4a-486a-9795-810bfaa7b5c0,6be0baee-2cb6-4e76-a5f7-2f9c639028d1,9a08c2eb-95ee-48fc-b4f1-2ac9d9c97343,b2d80b07-42fe-47b6-b020-0ebcaf974495,c3bfe6da-406a-4741-8765-d15f4c9be36b,f7dc3cfd-3ca0-4257-9206-f1af5f2a0133	
chr1	211830212	211830236	INS	2	1	9a08c2eb-95ee-48fc-b4f1-2ac9d9c97343,b2d80b07-42fe-47b6-b020-0ebcaf974495	
chr1	211830219	211830291	SOFTCLIP	3	75	26d0a01f-3ad8-4832-a8e3-91391e4eb085,6be0baee-2cb6-4e76-a5f7-2f9c639028d1,f7dc3cfd-3ca0-4257-9206-f1af5f2a0133	
chr1	211830468	211830660	DEL	4	2	26d0a01f-3ad8-4832-a8e3-91391e4eb085,9a08c2eb-95ee-48fc-b4f1-2ac9d9c97343,c3bfe6da-406a-4741-8765-d15f4c9be36b,f7dc3cfd-3ca0-4257-9206-f1af5f2a0133	
chr1	211830495	211830551	INS	2	1	26d0a01f-3ad8-4832-a8e3-91391e4eb085,9a08c2eb-95ee-48fc-b4f1-2ac9d9c97343	
chr1	211830647	211830690	INS	2	1	9a08c2eb-95ee-48fc-b4f1-2ac9d9c97343,c3bfe6da-406a-4741-8765-d15f4c9be36b	
chr1	211830719	211830768	SOFTCLIP	2	1	c3bfe6da-406a-4741-8765-d15f4c9be36b,ea003d31-19ad-48a4-843f-78ed154ffa25	
chr1	211846645	211846646	SOFTCLIP	2	43	2afa67d9-d445-4581-989a-9e2820f24d45,dbc4be22-661a-4dee-946a-e8152c10f7c1	
